File path, Num rect
10149.jpg
10690.jpg,1
10691.jpg
1070.jpg,1
1071.jpg
10997.jpg
11024.jpg,1
11025.jpg
11044.jpg,1
11045.jpg
11084.jpg
11090.jpg,1
11118.jpg,1
11119.jpg
11172.jpg,1
11173.jpg
11210.jpg,1
11211.jpg
11276.jpg,1
11279.jpg
11292.jpg,1
11473.jpg
11477.jpg
11508.jpg,1
11509.jpg
11564.jpg,1
11565.jpg
11664.jpg,1
11665.jpg
11842.jpg,2
11843.jpg
12214.jpg,1
12215.jpg,1
12244.jpg,1
12245.jpg,1
12264.jpg,1
12265.jpg,1
12304.jpg,1
12311.jpg,1
12338.jpg,1
12430.jpg,1
12431.jpg,1
12496.jpg,1
12497.jpg,1
12498.jpg,1
12499.jpg,1
12681.jpg,1
12684.jpg,1
128.jpg,1
129.jpg
13386.jpg,1
13387.jpg
13416.jpg,1
13417.jpg
13451.jpg,1
13490.jpg,1
13491.jpg
13522.jpg,2
13523.jpg
13559.jpg,1
13562.jpg,1
13563.jpg
1357.jpg
13601.jpg,1
13620.jpg,1
13621.jpg
13623.jpg
13638.jpg,1
13639.jpg
13707.jpg
13716.jpg,2
13717.jpg
13761.jpg
13764.jpg,1
13765.jpg
13768.jpg,1
13769.jpg
13797.jpg
13816.jpg,1
13832.jpg,1
13833.jpg
13869.jpg
13880.jpg,1
13940.jpg,1
13941.jpg
14000.jpg,1
14001.jpg
14002.jpg,1
14003.jpg
14004.jpg,1
14005.jpg
14017.jpg
14020.jpg,2
14052.jpg,1
14053.jpg,1
14084.jpg,1
14085.jpg
14114.jpg,1
14115.jpg
14117.jpg
14152.jpg,1
14153.jpg
14221.jpg
14254.jpg,1
14255.jpg
14842.jpg,1
14843.jpg
14844.jpg,1
14906.jpg,1
14907.jpg
150.jpg,1
151.jpg
15354.jpg,1
15355.jpg
15356.jpg,1
15357.jpg
15692.jpg,1
15858.jpg,1
15886.jpg,1
15887.jpg
16037.jpg
16494.jpg,1
17000.jpg,1
17001.jpg,1
17030.jpg,1
17060.jpg,1
17061.jpg,1
17100.jpg,2
17101.jpg,1
17171.jpg,1
17174.jpg,1
17175.jpg,1
17210.jpg,2
17211.jpg
17228.jpg,1
17229.jpg
17246.jpg,1
1728.jpg,2
1729.jpg
17308.jpg,1
17309.jpg,1
17318.jpg,1
17319.jpg,1
17364.jpg,1
17365.jpg,1
17368.jpg,1
17369.jpg,1
17370.jpg,1
17371.jpg,1
17400.jpg,1
17401.jpg,1
17420.jpg,1
17421.jpg,1
17436.jpg,1
17470.jpg,1
17540.jpg,1
17541.jpg,1
17602.jpg,1
17603.jpg,1
17614.jpg,1
17615.jpg,1
17618.jpg,1
17619.jpg,1
17652.jpg,1
17653.jpg,1
17684.jpg,1
17685.jpg,1
17717.jpg,1
17719.jpg
17754.jpg,1
17755.jpg,1
17856.jpg,1
17857.jpg,1
18553.jpg,1
186.jpg,1
18694.jpg,1
18695.jpg,1
187.jpg
18722.jpg,1
18723.jpg,2
18966.jpg,1
18967.jpg,1
18968.jpg,1
18969.jpg,1
18976.jpg,1
18979.jpg,1
19472.jpg,1
19473.jpg,1
1950.jpg,1
19500.jpg,1
19501.jpg,1
1951.jpg
1961.jpg
19650.jpg,1
19651.jpg,1
20114.jpg,1
20115.jpg,1
20628.jpg,1
2063.jpg,1
20676.jpg,1
20677.jpg
20706.jpg,1
20707.jpg
20756.jpg,1
20757.jpg
20824.jpg,1
20825.jpg,1
20830.jpg,1
20831.jpg
20868.jpg,2
20900.jpg,1
20901.jpg
20980.jpg,1
20981.jpg
20982.jpg,1
20996.jpg,1
20997.jpg
21054.jpg,1
21058.jpg,1
21102.jpg,1
21103.jpg
21104.jpg,1
21124.jpg,1
21125.jpg
21126.jpg,1
21150.jpg,1
21151.jpg
21152.jpg,1
21162.jpg,1
21163.jpg
21172.jpg,1
21174.jpg,1
21202.jpg,1
21203.jpg
21238.jpg,1
21255.jpg
21306.jpg,1
21307.jpg
21308.jpg,1
21310.jpg,1
21323.jpg
21394.jpg,1
21439.jpg
21468.jpg,1
21490.jpg,1
21491.jpg
21566.jpg,1
21694.jpg,1
2174.jpg,1
21744.jpg,1
21745.jpg
218.jpg,1
21832.jpg,1
219.jpg
21938.jpg,1
2215.jpg
22224.jpg,1
22225.jpg
22226.jpg,1
22266.jpg,1
2230.jpg,1
2231.jpg
22310.jpg,1
2233.jpg
22512.jpg,2
22513.jpg
2270.jpg,1
2271.jpg
2272.jpg,1
2273.jpg
22784.jpg,1
2300.jpg,1
2301.jpg
23119.jpg
23120.jpg,1
23122.jpg,1
23314.jpg,2
23354.jpg,1
23355.jpg
23518.jpg,1
23519.jpg
23948.jpg,1
2408.jpg,1
2425.jpg
2428.jpg,1
2429.jpg
24340.jpg,1
24341.jpg
2436.jpg,1
24452.jpg,1
24453.jpg
24530.jpg,1
24580.jpg,1
24581.jpg,1
24648.jpg,1
24649.jpg,1
24651.jpg,1
24654.jpg,1
24655.jpg,1
24696.jpg,1
24697.jpg,1
24728.jpg,1
24729.jpg,1
24812.jpg,1
24813.jpg,1
24826.jpg,1
24827.jpg,1
24880.jpg,1
24881.jpg,1
24884.jpg,1
24886.jpg,1
24887.jpg,1
24932.jpg,1
24933.jpg,1
24952.jpg,1
24953.jpg,1
24954.jpg,1
24955.jpg,1
24980.jpg,1
24981.jpg,1
24982.jpg,1
24983.jpg,1
25083.jpg
25136.jpg,1
25137.jpg,1
25139.jpg,1
25140.jpg,1
25141.jpg
25142.jpg,1
25143.jpg,1
25154.jpg,1
25156.jpg,1
25157.jpg,1
25226.jpg,1
25270.jpg,1
25271.jpg,1
25322.jpg,1
25323.jpg,1
25406.jpg,1
25407.jpg,1
25526.jpg,1
25527.jpg,1
25576.jpg,1
25577.jpg,1
2564.jpg,1
2565.jpg
25666.jpg,1
25774.jpg,1
25775.jpg,1
26062.jpg,1
26064.jpg,1
26065.jpg,1
26066.jpg,2
26067.jpg,1
261.jpg
26104.jpg,1
26105.jpg,1
26152.jpg,1
26153.jpg,1
26334.jpg,1
26335.jpg,1
26354.jpg,1
26355.jpg,1
26624.jpg,1
26625.jpg,1
26633.jpg,1
26635.jpg,1
26936.jpg,1
26937.jpg
26962.jpg,1
26963.jpg,1
26964.jpg,1
26965.jpg
26966.jpg,1
26967.jpg
26968.jpg,1
26969.jpg,1
27156.jpg,1
27157.jpg,1
27358.jpg,1
27359.jpg,1
27784.jpg,1
27785.jpg,1
2779.jpg
28176.jpg,1
28177.jpg,1
282.jpg,2
283.jpg
28310.jpg,1
28380.jpg,1
28382.jpg,1
28428.jpg,1
28430.jpg,1
28540.jpg,1
28584.jpg,1
28622.jpg,2
28624.jpg,1
28732.jpg,1
28798.jpg,1
28828.jpg,1
28836.jpg,1
28916.jpg,1
28976.jpg,1
28988.jpg,1
29058.jpg,1
29108.jpg,1
29110.jpg,1
29156.jpg,1
29162.jpg,1
29248.jpg,1
29448.jpg,1
29584.jpg,1
29586.jpg,1
300.jpg,1
301.jpg
303.jpg
30315.jpg,1
30332.jpg,1
30638.jpg,1
30646.jpg,1
30648.jpg,1
30752.jpg,1
30754.jpg,1
30756.jpg,1
31006.jpg,1
31042.jpg,1
31210.jpg,1
31236.jpg,1
31402.jpg,1
316.jpg,1
317.jpg
318.jpg,1
319.jpg
320.jpg,1
321.jpg
32266.jpg,1
32268.jpg,1
32398.jpg,1
32399.jpg
32438.jpg,1
32439.jpg,1
32472.jpg,1
32473.jpg,1
32474.jpg,1
32475.jpg,1
32520.jpg,1
32521.jpg,1
32522.jpg,1
32523.jpg,1
32572.jpg,1
32573.jpg,1
32624.jpg,1
32625.jpg,1
32634.jpg,1
32635.jpg,1
32678.jpg,1
32679.jpg,1
32718.jpg,1
32719.jpg,1
32721.jpg,1
32804.jpg,1
32805.jpg,1
32900.jpg,1
32901.jpg,1
32906.jpg,1
32932.jpg,1
32933.jpg,1
32940.jpg,1
32941.jpg,1
32954.jpg,1
32955.jpg,1
32972.jpg,1
32973.jpg,1
33022.jpg,1
33023.jpg,1
33024.jpg,1
33025.jpg,1
33062.jpg,1
33063.jpg,1
33086.jpg,1
33087.jpg,1
33098.jpg,1
33099.jpg
33161.jpg,1
33170.jpg,1
33171.jpg,1
33220.jpg,1
33221.jpg,1
33222.jpg,1
33223.jpg,1
33268.jpg,1
33269.jpg,1
33274.jpg,1
33275.jpg,1
33322.jpg,1
33324.jpg,1
33325.jpg,1
33360.jpg,1
33434.jpg,1
33435.jpg
3353.jpg,1
33568.jpg,1
33569.jpg,1
33702.jpg,2
33704.jpg,2
33705.jpg,1
3420.jpg,1
3421.jpg,1
34332.jpg,1
34333.jpg,1
34335.jpg
34428.jpg,2
34429.jpg,1
34446.jpg,1
34447.jpg,1
34540.jpg,1
34541.jpg,1
3456.jpg,1
3457.jpg
34754.jpg,1
34763.jpg,1
34764.jpg,1
34765.jpg,1
34868.jpg,1
34869.jpg,1
34872.jpg,1
34873.jpg,1
35088.jpg
35089.jpg,1
3524.jpg,1
3525.jpg,1
3528.jpg,1
3529.jpg,1
35330.jpg,1
35331.jpg,1
3550.jpg,1
3551.jpg
35522.jpg,1
35523.jpg,1
3571.jpg,1
3572.jpg,1
3573.jpg,1
3586.jpg,1
3589.jpg,1
3590.jpg,1
3591.jpg,1
36390.jpg,1
36391.jpg,1
36392.jpg,1
36393.jpg,1
36412.jpg,1
36414.jpg,1
36504.jpg,1
36550.jpg,1
3658.jpg,1
36586.jpg,1
3659.jpg,1
36628.jpg,1
36666.jpg,1
36702.jpg,1
36708.jpg,1
36710.jpg,1
36746.jpg,1
36778.jpg,2
36880.jpg,1
36936.jpg,1
36942.jpg,1
36964.jpg,1
36972.jpg,1
36984.jpg,1
37024.jpg,1
37040.jpg,1
37050.jpg,1
37052.jpg,1
37086.jpg,1
37088.jpg,1
37112.jpg,1
37114.jpg,1
37130.jpg,1
3714.jpg,1
3715.jpg,1
3718.jpg,1
3719.jpg,1
37196.jpg,1
37206.jpg,1
37246.jpg,1
37278.jpg,1
37306.jpg,1
37330.jpg,1
37332.jpg,1
37350.jpg,1
37408.jpg,1
3749.jpg,1
37548.jpg,1
37550.jpg,1
37616.jpg,1
37696.jpg
37816.jpg,1
3784.jpg,1
3785.jpg,1
3816.jpg,1
3818.jpg,1
3819.jpg
3820.jpg,1
3821.jpg,1
38398.jpg,1
3840.jpg,1
38406.jpg,1
3841.jpg,1
3842.jpg,1
3843.jpg,1
38494.jpg,1
38688.jpg,1
38696.jpg,1
38698.jpg,1
3880.jpg,1
3881.jpg,1
390.jpg,1
39048.jpg,1
391.jpg
3920.jpg,1
3921.jpg
39232.jpg,1
39234.jpg,1
3979.jpg,1
39840.jpg,1
4014.jpg,1
4015.jpg,1
40270.jpg,1
40294.jpg,1
40295.jpg,2
40296.jpg,1
40297.jpg,1
40386.jpg,1
40432.jpg,1
40433.jpg,1
4046.jpg,1
40468.jpg,1
40469.jpg,1
4047.jpg,1
40510.jpg,1
40511.jpg
40548.jpg,1
40549.jpg,1
40582.jpg,1
40584.jpg,1
40585.jpg,1
40590.jpg,2
40591.jpg,1
40592.jpg,1
40593.jpg,1
40624.jpg,1
40625.jpg,1
40658.jpg,1
40741.jpg
40760.jpg,1
40761.jpg,1
40816.jpg,1
40817.jpg,1
40820.jpg,1
40821.jpg,1
40844.jpg,1
40845.jpg,1
40852.jpg,1
40853.jpg,1
40864.jpg,1
40866.jpg,1
40867.jpg,1
4087.jpg,1
40884.jpg,1
40902.jpg,1
40903.jpg,1
40918.jpg,1
40929.jpg,1
4094.jpg,1
4095.jpg,1
40960.jpg,1
40962.jpg,1
40963.jpg,1
40964.jpg,1
40986.jpg,1
40987.jpg,1
40988.jpg,1
40989.jpg,1
41004.jpg,1
41005.jpg,1
41070.jpg,1
41071.jpg,1
41080.jpg,1
41081.jpg,1
41118.jpg,1
41119.jpg,1
41152.jpg,1
41153.jpg,1
41181.jpg,1
4120.jpg,1
4121.jpg,1
41224.jpg,1
41225.jpg,1
41282.jpg,1
41283.jpg,1
41291.jpg
41420.jpg,1
4182.jpg,1
442.jpg,1
443.jpg
448.jpg,1
449.jpg,1
462.jpg,1
463.jpg
4640.jpg,1
4641.jpg,1
5010.jpg,1
5011.jpg,1
508.jpg,1
509.jpg
5236.jpg,1
5242.jpg,1
5346.jpg,1
5347.jpg,1
541.jpg
542.jpg,1
544.jpg,1
5458.jpg,1
5459.jpg,1
5498.jpg,1
5499.jpg,1
5514.jpg,1
5515.jpg,1
5516.jpg,1
554.jpg,1
555.jpg
5554.jpg,1
5586.jpg,1
5587.jpg,1
564.jpg,1
566.jpg,1
567.jpg
5697.jpg,1
5710.jpg
5711.jpg
5715.jpg,1
5722.jpg,1
5723.jpg,1
5854.jpg,1
5855.jpg,1
604.jpg,1
605.jpg
6070.jpg,1
6071.jpg,1
647.jpg
652.jpg,1
653.jpg
6630.jpg,1
6631.jpg
6666.jpg,1
6667.jpg
6686.jpg,1
6687.jpg
6732.jpg,1
6733.jpg,1
6758.jpg,1
6759.jpg
6770.jpg,1
6781.jpg
6808.jpg,1
6809.jpg
6814.jpg,1
6815.jpg
6842.jpg,1
6843.jpg
6861.jpg
6872.jpg,1
6873.jpg
6890.jpg,1
6891.jpg
6897.jpg
6904.jpg,1
6905.jpg
6922.jpg,1
6923.jpg
6942.jpg,1
6990.jpg,1
7002.jpg,1
7003.jpg
7026.jpg,2
7027.jpg,1
7028.jpg,1
7029.jpg
706.jpg,1
707.jpg
7073.jpg
7078.jpg,1
7079.jpg
7092.jpg,1
7093.jpg
7104.jpg,1
7144.jpg,1
7145.jpg
7146.jpg,1
7214.jpg,1
7215.jpg
7290.jpg,1
7291.jpg
7340.jpg,1
7341.jpg
7342.jpg,1
7343.jpg
742.jpg,1
7430.jpg,1
7431.jpg
744.jpg,1
745.jpg
7518.jpg,1
7519.jpg
7544.jpg,1
7545.jpg
7638.jpg,1
7639.jpg
7678.jpg,1
7679.jpg
7680.jpg,1
7681.jpg
7708.jpg,1
7709.jpg
7710.jpg,1
775.jpg
782.jpg,1
783.jpg,1
7987.jpg
8004.jpg,1
8005.jpg
8045.jpg
812.jpg,1
813.jpg
82.jpg,1
820.jpg,1
821.jpg
822.jpg,1
83.jpg
844.jpg,1
845.jpg
87.jpg
8776.jpg,1
8777.jpg
8814.jpg,1
8815.jpg,1
8834.jpg,1
8835.jpg
8864.jpg,1
8865.jpg,1
8882.jpg,1
8908.jpg,1
8909.jpg
8920.jpg,1
8921.jpg,1
8960.jpg,1
8966.jpg,1
8967.jpg,1
8994.jpg,1
8995.jpg,1
9006.jpg,1
9007.jpg,1
9022.jpg,1
9023.jpg,1
9042.jpg,1
9043.jpg,1
9049.jpg,1
905.jpg
9056.jpg,1
9057.jpg,1
9058.jpg,1
9059.jpg,1
9074.jpg,1
9075.jpg,1
9096.jpg,1
9097.jpg
9145.jpg,1
9156.jpg,1
9180.jpg,1
9181.jpg,1
9182.jpg,1
9183.jpg,1
9226.jpg,1
9227.jpg,1
9244.jpg,1
9245.jpg
9256.jpg,1
9257.jpg,1
9296.jpg,1
9297.jpg,1
9298.jpg,1
9299.jpg,1
9390.jpg,1
9391.jpg,1
9446.jpg,1
9447.jpg,1
9496.jpg,1
9497.jpg
9498.jpg,1
9499.jpg,1
9584.jpg,1
9585.jpg
9672.jpg,1
9673.jpg,1
9701.jpg,1
9794.jpg,2
9834.jpg,1
9836.jpg,1
9837.jpg,1
9864.jpg,1
9865.jpg,1
9866.jpg,1
Elapsed (ms): 80351